unit,sno,due_date,description,amount_pkr
MF-30,1,2025-12-02,1st Booking,363800
MF-30,2,2026-01-02,2nd Booking,363800
MF-30,3,2026-02-02,3rd Booking,363800
MF-30,4,2026-03-02,Installment No.1,50000
MF-30,5,2026-04-02,Installment No.2,50000
MF-30,6,2026-05-02,Installment No.3,50000
MF-30,7,2026-06-02,Installment No.4,50000
MF-30,8,2026-07-02,Installment No.5,50000
MF-30,9,2026-08-02,Installment No.6,50000
MF-30,10,2026-09-02,Installment No.7,50000
MF-30,11,2026-10-02,Installment No.8,50000
MF-30,12,2026-11-02,Installment No.9,50000
MF-30,13,2026-12-02,Installment No.10,50000
MF-30,14,2027-01-02,Installment No.11,50000
MF-30,15,2027-02-02,Annual No.1 Inst No.12,160000
MF-30,16,2027-03-02,Installment No.13,50000
MF-30,17,2027-04-02,Installment No.14,50000
MF-30,18,2027-05-02,Installment No.15,50000
MF-30,19,2027-06-02,Installment No.16,50000
MF-30,20,2027-07-02,Installment No.17,50000
MF-30,21,2027-08-02,Installment No.18,50000
MF-30,22,2027-09-02,Installment No.19,50000
MF-30,23,2027-10-02,Installment No.20,50000
MF-30,24,2027-11-02,Installment No.21,50000
MF-30,25,2027-12-02,Installment No.22,50000
MF-30,26,2028-01-02,Installment No.23,50000
MF-30,27,2028-02-02,Annual No.2 Inst No.24,160000
MF-30,28,2028-03-02,Installment No.25,50000
MF-30,29,2028-04-02,Installment No.26,50000
MF-30,30,2028-05-02,Installment No.27,50000
MF-30,31,2028-06-02,Installment No.28,50000
MF-30,32,2028-07-02,Installment No.29,50000
MF-30,33,2028-08-02,Installment No.30,50000
MF-30,34,2028-09-02,Installment No.31,50000
MF-30,35,2028-10-02,Installment No.32,50000
MF-30,36,2028-11-02,Installment No.33,50000
MF-30,37,2028-12-02,Installment No.34,50000
MF-30,38,2029-01-02,Installment No.35,50000
MF-30,39,2029-02-02,Annual No.3 Inst No.36,160000
MF-30,40,2029-03-02,Installment No.37,50000
MF-30,41,2029-04-02,Installment No.38,50000
MF-30,42,2029-05-02,Final Payment,316600
MF-57,1,2026-07-06,1st Booking,3083160
MF-57,2,2026-08-06,2nd Booking,150000
MF-57,3,2026-09-06,3rd Booking,150000
MF-57,4,2026-10-06,Installment No.1,150000
MF-57,5,2026-11-06,Installment No.2,150000
MF-57,6,2026-12-06,Installment No.3,150000
MF-57,7,2027-01-06,Installment No.4,150000
MF-57,8,2027-02-06,Installment No.5,150000
MF-57,9,2027-03-06,Installment No.6,150000
MF-57,10,2027-04-06,Installment No.7,150000
MF-57,11,2027-05-06,Installment No.8,150000
MF-57,12,2027-06-06,Installment No.9,150000
MF-57,13,2027-07-06,Installment No.10,150000
MF-57,14,2027-08-06,Installment No.11,150000
MF-57,15,2027-09-06,Annual No.1 Inst No.12,400000
MF-57,16,2027-10-06,Installment No.13,150000
MF-57,17,2027-11-06,Installment No.14,150000
MF-57,18,2027-12-06,Installment No.15,150000
MF-57,19,2028-01-06,Installment No.16,150000
MF-57,20,2028-02-06,Installment No.17,150000
MF-57,21,2028-03-06,Installment No.18,150000
MF-57,22,2028-04-06,Installment No.19,150000
MF-57,23,2028-05-06,Installment No.20,150000
MF-57,24,2028-06-06,Installment No.21,150000
MF-57,25,2028-07-06,Installment No.22,150000
MF-57,26,2028-08-06,Installment No.23,150000
MF-57,27,2028-09-06,Annual No.2 Inst No.24,400000
MF-57,28,2028-10-06,Installment No.25,150000
MF-57,29,2028-11-06,Installment No.26,150000
MF-57,30,2028-12-06,Installment No.27,150000
MF-57,31,2029-01-06,Installment No.28,150000
MF-57,32,2029-02-06,Installment No.29,150000
MF-57,33,2029-03-06,Installment No.30,150000
MF-57,34,2029-04-06,Installment No.31,150000
MF-57,35,2029-05-06,Installment No.32,150000
MF-57,36,2029-06-06,Installment No.33,150000
MF-57,37,2029-07-06,Installment No.34,150000
MF-57,38,2029-08-06,Installment No.35,150000
MF-57,39,2029-09-06,Annual No.3 Inst No.36,400000
MF-57,40,2029-10-06,Installment No.37,150000
MF-57,41,2029-11-06,Final Payment,594040
MF-61,1,2025-08-04,1st Booking,1436787
MF-61,2,2025-09-04,2nd Booking,200000
MF-61,3,2025-10-04,3rd Booking,200000
MF-61,4,2025-11-04,Installment No.1,50000
MF-61,5,2025-12-04,Installment No.2,50000
MF-61,6,2026-01-04,Installment No.3,50000
MF-61,7,2026-02-04,Installment No.4,50000
MF-61,8,2026-03-04,Installment No.5,50000
MF-61,9,2026-04-04,Installment No.6,50000
MF-61,10,2026-05-04,Installment No.7,50000
MF-61,11,2026-06-04,Installment No.8,50000
MF-61,12,2026-07-04,Installment No.9,50000
MF-61,13,2026-08-04,Installment No.10,50000
MF-61,14,2026-09-04,Installment No.11,50000
MF-61,15,2026-10-04,Annual No.1 Inst No.12,300000
MF-61,16,2026-11-04,Installment No.13,50000
MF-61,17,2026-12-04,Installment No.14,50000
MF-61,18,2027-01-04,Installment No.15,50000
MF-61,19,2027-02-04,Installment No.16,50000
MF-61,20,2027-03-04,Installment No.17,50000
MF-61,21,2027-04-04,Installment No.18,50000
MF-61,22,2027-05-04,Installment No.19,50000
MF-61,23,2027-06-04,Installment No.20,50000
MF-61,24,2027-07-04,Installment No.21,50000
MF-61,25,2027-08-04,Installment No.22,50000
MF-61,26,2027-09-04,Installment No.23,50000
MF-61,27,2027-10-04,Annual No.2 Inst No.24,300000
MF-61,28,2027-11-04,Installment No.25,50000
MF-61,29,2027-12-04,Installment No.26,50000
MF-61,30,2028-01-04,Installment No.27,50000
MF-61,31,2028-02-04,Installment No.28,50000
MF-61,32,2028-03-04,Installment No.29,50000
MF-61,33,2028-04-04,Installment No.30,50000
MF-61,34,2028-05-04,Installment No.31,50000
MF-61,35,2028-06-04,Installment No.32,50000
MF-61,36,2028-07-04,Installment No.33,50000
MF-61,37,2028-08-04,Installment No.34,50000
MF-61,38,2028-09-04,Installment No.35,50000
MF-61,39,2028-10-04,Annual No.3 Inst No.36,300000
MF-61,40,2028-11-04,Installment No.37,50000
MF-61,41,2028-12-04,Installment No.38,50000
MF-61,42,2029-01-04,Final Payment,302503
MF-62,1,2025-08-04,1st Booking,1469493
MF-62,2,2025-09-04,2nd Booking,300000
MF-62,3,2025-10-04,3rd Booking,300000
MF-62,4,2025-11-04,Installment No.1,50000
MF-62,5,2025-12-04,Installment No.2,50000
MF-62,6,2026-01-04,Installment No.3,50000
MF-62,7,2026-02-04,Installment No.4,50000
MF-62,8,2026-03-04,Installment No.5,50000
MF-62,9,2026-04-04,Installment No.6,50000
MF-62,10,2026-05-04,Installment No.7,50000
MF-62,11,2026-06-04,Installment No.8,50000
MF-62,12,2026-07-04,Installment No.9,50000
MF-62,13,2026-08-04,Installment No.10,50000
MF-62,14,2026-09-04,Installment No.11,50000
MF-62,15,2026-10-04,Annual No.1 Inst No.12,250000
MF-62,16,2026-11-04,Installment No.13,50000
MF-62,17,2026-12-04,Installment No.14,50000
MF-62,18,2027-01-04,Installment No.15,50000
MF-62,19,2027-02-04,Installment No.16,50000
MF-62,20,2027-03-04,Installment No.17,50000
MF-62,21,2027-04-04,Installment No.18,50000
MF-62,22,2027-05-04,Installment No.19,50000
MF-62,23,2027-06-04,Installment No.20,50000
MF-62,24,2027-07-04,Installment No.21,50000
MF-62,25,2027-08-04,Installment No.22,50000
MF-62,26,2027-09-04,Installment No.23,50000
MF-62,27,2027-10-04,Annual No.2 Inst No.24,250000
MF-62,28,2027-11-04,Installment No.25,50000
MF-62,29,2027-12-04,Installment No.26,50000
MF-62,30,2028-01-04,Installment No.27,50000
MF-62,31,2028-02-04,Installment No.28,50000
MF-62,32,2028-03-04,Installment No.29,50000
MF-62,33,2028-04-04,Installment No.30,50000
MF-62,34,2028-05-04,Installment No.31,50000
MF-62,35,2028-06-04,Installment No.32,50000
MF-62,36,2028-07-04,Installment No.33,50000
MF-62,37,2028-08-04,Installment No.34,50000
MF-62,38,2028-09-04,Installment No.35,50000
MF-62,39,2028-10-04,Annual No.3 Inst No.36,250000
MF-62,40,2028-11-04,Installment No.37,50000
MF-62,41,2028-12-04,Installment No.38,50000
MF-62,42,2029-01-04,Final Payment,328817
6-01,1,2025-08-13,1st Booking,4712544
6-01,2,2025-09-13,2nd Booking,700000
6-01,3,2025-10-13,3rd Booking,700000
6-01,4,2025-11-13,Installment No.1,250000
6-01,5,2025-12-13,Installment No.2,250000
6-01,6,2026-01-13,Installment No.3,250000
6-01,7,2026-02-13,Installment No.4,250000
6-01,8,2026-03-13,Installment No.5,250000
6-01,9,2026-04-13,Installment No.6,250000
6-01,10,2026-05-13,Installment No.7,250000
6-01,11,2026-06-13,Installment No.8,250000
6-01,12,2026-07-13,Installment No.9,250000
6-01,13,2026-08-13,Installment No.10,250000
6-01,14,2026-09-13,Installment No.11,250000
6-01,15,2026-10-13,Annual No.1 Inst No.12,250000
6-01,16,2026-11-13,Installment No.13,250000
6-01,17,2026-12-13,Installment No.14,250000
6-01,18,2027-01-13,Installment No.15,250000
6-01,19,2027-02-13,Installment No.16,250000
6-01,20,2027-03-13,Installment No.17,250000
6-01,21,2027-04-13,Installment No.18,250000
6-01,22,2027-05-13,Installment No.19,250000
6-01,23,2027-06-13,Installment No.20,250000
6-01,24,2027-07-13,Installment No.21,250000
6-01,25,2027-08-13,Installment No.22,250000
6-01,26,2027-09-13,Installment No.23,250000
6-01,27,2027-10-13,Annual No.2 Inst No.24,250000
6-01,28,2027-11-13,Installment No.25,250000
6-01,29,2027-12-13,Installment No.26,250000
6-01,30,2028-01-13,Installment No.27,250000
6-01,31,2028-02-13,Installment No.28,250000
6-01,32,2028-03-13,Installment No.29,250000
6-01,33,2028-04-13,Installment No.30,250000
6-01,34,2028-05-13,Installment No.31,250000
6-01,35,2028-06-13,Installment No.32,250000
6-01,36,2028-07-13,Installment No.33,250000
6-01,37,2028-08-13,Installment No.34,250000
6-01,38,2028-09-13,Installment No.35,250000
6-01,39,2028-10-13,Annual No.3 Inst No.36,250000
6-01,40,2028-11-13,Installment No.37,250000
6-01,41,2028-12-13,Installment No.38,250000
6-01,42,2029-01-13,Final Payment,95936
2-14,1,2025-08-04,1st Booking,1300000
2-14,2,2025-09-04,2nd Booking,300000
2-14,3,2025-10-04,3rd Booking,300000
2-14,4,2025-11-04,Installment No.1,60000
2-14,5,2025-12-04,Installment No.2,60000
2-14,6,2026-01-04,Installment No.3,60000
2-14,7,2026-02-04,Installment No.4,60000
2-14,8,2026-03-04,Installment No.5,60000
2-14,9,2026-04-04,Installment No.6,60000
2-14,10,2026-05-04,Installment No.7,60000
2-14,11,2026-06-04,Installment No.8,60000
2-14,12,2026-07-04,Installment No.9,60000
2-14,13,2026-08-04,Installment No.10,60000
2-14,14,2026-09-04,Installment No.11,60000
2-14,15,2026-10-04,Annual No.1 Inst No.12,250000
2-14,16,2026-11-04,Installment No.13,60000
2-14,17,2026-12-04,Installment No.14,60000
2-14,18,2027-01-04,Installment No.15,60000
2-14,19,2027-02-04,Installment No.16,60000
2-14,20,2027-03-04,Installment No.17,60000
2-14,21,2027-04-04,Installment No.18,60000
2-14,22,2027-05-04,Installment No.19,60000
2-14,23,2027-06-04,Installment No.20,60000
2-14,24,2027-07-04,Installment No.21,60000
2-14,25,2027-08-04,Installment No.22,60000
2-14,26,2027-09-04,Installment No.23,60000
2-14,27,2027-10-04,Annual No.2 Inst No.24,250000
2-14,28,2027-11-04,Installment No.25,60000
2-14,29,2027-12-04,Installment No.26,60000
2-14,30,2028-01-04,Installment No.27,60000
2-14,31,2028-02-04,Installment No.28,60000
2-14,32,2028-03-04,Installment No.29,60000
2-14,33,2028-04-04,Installment No.30,60000
2-14,34,2028-05-04,Installment No.31,60000
2-14,35,2028-06-04,Installment No.32,60000
2-14,36,2028-07-04,Installment No.33,60000
2-14,37,2028-08-04,Installment No.34,60000
2-14,38,2028-09-04,Installment No.35,60000
2-14,39,2028-10-04,Annual No.3 Inst No.36,250000
2-14,40,2028-11-04,Installment No.37,60000
2-14,41,2028-12-04,Installment No.38,60000
2-14,42,2029-01-04,Final Payment,155570
MF-18,1,2025-08-04,1st Booking,750000
MF-18,2,2025-09-04,2nd Booking,150000
MF-18,3,2025-10-04,3rd Booking,150000
MF-18,4,2025-11-04,Installment No.1,30000
MF-18,5,2025-12-04,Installment No.2,30000
MF-18,6,2026-01-04,Installment No.3,30000
MF-18,7,2026-02-04,Installment No.4,30000
MF-18,8,2026-03-04,Installment No.5,30000
MF-18,9,2026-04-04,Installment No.6,30000
MF-18,10,2026-05-04,Installment No.7,30000
MF-18,11,2026-06-04,Installment No.8,30000
MF-18,12,2026-07-04,Installment No.9,30000
MF-18,13,2026-08-04,Installment No.10,30000
MF-18,14,2026-09-04,Installment No.11,30000
MF-18,15,2026-10-04,Annual No.1 Inst No.12,100000
MF-18,16,2026-11-04,Installment No.13,30000
MF-18,17,2026-12-04,Installment No.14,30000
MF-18,18,2027-01-04,Installment No.15,30000
MF-18,19,2027-02-04,Installment No.16,30000
MF-18,20,2027-03-04,Installment No.17,30000
MF-18,21,2027-04-04,Installment No.18,30000
MF-18,22,2027-05-04,Installment No.19,30000
MF-18,23,2027-06-04,Installment No.20,30000
MF-18,24,2027-07-04,Installment No.21,30000
MF-18,25,2027-08-04,Installment No.22,30000
MF-18,26,2027-09-04,Installment No.23,30000
MF-18,27,2027-10-04,Annual No.2 Inst No.24,100000
MF-18,28,2027-11-04,Installment No.25,30000
MF-18,29,2027-12-04,Installment No.26,30000
MF-18,30,2028-01-04,Installment No.27,30000
MF-18,31,2028-02-04,Installment No.28,30000
MF-18,32,2028-03-04,Installment No.29,30000
MF-18,33,2028-04-04,Installment No.30,30000
MF-18,34,2028-05-04,Installment No.31,30000
MF-18,35,2028-06-04,Installment No.32,30000
MF-18,36,2028-07-04,Installment No.33,30000
MF-18,37,2028-08-04,Installment No.34,30000
MF-18,38,2028-09-04,Installment No.35,30000
MF-18,39,2028-10-04,Annual No.3 Inst No.36,100000
MF-18,40,2028-11-04,Installment No.37,30000
MF-18,41,2028-12-04,Installment No.38,30000
MF-18,42,2029-01-04,Final Payment,63300
5-02,1,2026-04-06,1st Booking,3165543
5-02,2,2026-05-06,2nd Booking,150000
5-02,3,2026-06-06,3rd Booking,150000
5-02,4,2026-07-06,Installment No.1,150000
5-02,5,2026-08-06,Installment No.2,150000
5-02,6,2026-09-06,Installment No.3,150000
5-02,7,2026-10-06,Installment No.4,150000
5-02,8,2026-11-06,Installment No.5,150000
5-02,9,2026-12-06,Installment No.6,150000
5-02,10,2027-01-06,Installment No.7,150000
5-02,11,2027-02-06,Installment No.8,150000
5-02,12,2027-03-06,Installment No.9,150000
5-02,13,2027-04-06,Installment No.10,150000
5-02,14,2027-05-06,Installment No.11,150000
5-02,15,2027-06-06,Annual No.1 Inst No.12,500000
5-02,16,2027-07-06,Installment No.13,150000
5-02,17,2027-08-06,Installment No.14,150000
5-02,18,2027-09-06,Installment No.15,150000
5-02,19,2027-10-06,Installment No.16,150000
5-02,20,2027-11-06,Installment No.17,150000
5-02,21,2027-12-06,Installment No.18,150000
5-02,22,2028-01-06,Installment No.19,150000
5-02,23,2028-02-06,Installment No.20,150000
5-02,24,2028-03-06,Installment No.21,150000
5-02,25,2028-04-06,Installment No.22,150000
5-02,26,2028-05-06,Installment No.23,150000
5-02,27,2028-06-06,Annual No.2 Inst No.24,500000
5-02,28,2028-07-06,Installment No.25,150000
5-02,29,2028-08-06,Installment No.26,150000
5-02,30,2028-09-06,Installment No.27,150000
5-02,31,2028-10-06,Installment No.28,150000
5-02,32,2028-11-06,Installment No.29,150000
5-02,33,2028-12-06,Installment No.30,150000
5-02,34,2029-01-06,Installment No.31,150000
5-02,35,2029-02-06,Installment No.32,150000
5-02,36,2029-03-06,Installment No.33,150000
5-02,37,2029-04-06,Installment No.34,150000
5-02,38,2029-05-06,Installment No.35,150000
5-02,39,2029-06-06,Annual No.3 Inst No.36,500000
5-02,40,2029-07-06,Installment No.37,150000
5-02,41,2029-08-06,Installment No.38,150000
5-02,42,2029-09-06,Final Payment,336265
5-03,1,2026-04-06,1st Booking,4149603
5-03,2,2026-05-06,2nd Booking,200000
5-03,3,2026-06-06,3rd Booking,200000
5-03,4,2026-07-06,Installment No.1,200000
5-03,5,2026-08-06,Installment No.2,200000
5-03,6,2026-09-06,Installment No.3,200000
5-03,7,2026-10-06,Installment No.4,200000
5-03,8,2026-11-06,Installment No.5,200000
5-03,9,2026-12-06,Installment No.6,200000
5-03,10,2027-01-06,Installment No.7,200000
5-03,11,2027-02-06,Installment No.8,200000
5-03,12,2027-03-06,Installment No.9,200000
5-03,13,2027-04-06,Installment No.10,200000
5-03,14,2027-05-06,Installment No.11,200000
5-03,15,2027-06-06,Annual No.1 Inst No.12,600000
5-03,16,2027-07-06,Installment No.13,200000
5-03,17,2027-08-06,Installment No.14,200000
5-03,18,2027-09-06,Installment No.15,200000
5-03,19,2027-10-06,Installment No.16,200000
5-03,20,2027-11-06,Installment No.17,200000
5-03,21,2027-12-06,Installment No.18,200000
5-03,22,2028-01-06,Installment No.19,200000
5-03,23,2028-02-06,Installment No.20,200000
5-03,24,2028-03-06,Installment No.21,200000
5-03,25,2028-04-06,Installment No.22,200000
5-03,26,2028-05-06,Installment No.23,200000
5-03,27,2028-06-06,Annual No.2 Inst No.24,600000
5-03,28,2028-07-06,Installment No.25,200000
5-03,29,2028-08-06,Installment No.26,200000
5-03,30,2028-09-06,Installment No.27,200000
5-03,31,2028-10-06,Installment No.28,200000
5-03,32,2028-11-06,Installment No.29,200000
5-03,33,2028-12-06,Installment No.30,200000
5-03,34,2029-01-06,Installment No.31,200000
5-03,35,2029-02-06,Installment No.32,200000
5-03,36,2029-03-06,Installment No.33,200000
5-03,37,2029-04-06,Installment No.34,200000
5-03,38,2029-05-06,Installment No.35,200000
5-03,39,2029-06-06,Annual No.3 Inst No.36,600000
5-03,40,2029-07-06,Installment No.37,200000
5-03,41,2029-08-06,Installment No.38,200000
5-03,42,2029-09-06,Final Payment,482408
5-05,1,2026-04-06,1st Booking,1937236
5-05,2,2026-05-06,2nd Booking,100000
5-05,3,2026-06-06,3rd Booking,100000
5-05,4,2026-07-06,Installment No.1,100000
5-05,5,2026-08-06,Installment No.2,100000
5-05,6,2026-09-06,Installment No.3,100000
5-05,7,2026-10-06,Installment No.4,100000
5-05,8,2026-11-06,Installment No.5,100000
5-05,9,2026-12-06,Installment No.6,100000
5-05,10,2027-01-06,Installment No.7,100000
5-05,11,2027-02-06,Installment No.8,100000
5-05,12,2027-03-06,Installment No.9,100000
5-05,13,2027-04-06,Installment No.10,100000
5-05,14,2027-05-06,Installment No.11,100000
5-05,15,2027-06-06,Annual No.1 Inst No.12,200000
5-05,16,2027-07-06,Installment No.13,100000
5-05,17,2027-08-06,Installment No.14,100000
5-05,18,2027-09-06,Installment No.15,100000
5-05,19,2027-10-06,Installment No.16,100000
5-05,20,2027-11-06,Installment No.17,100000
5-05,21,2027-12-06,Installment No.18,100000
5-05,22,2028-01-06,Installment No.19,100000
5-05,23,2028-02-06,Installment No.20,100000
5-05,24,2028-03-06,Installment No.21,100000
5-05,25,2028-04-06,Installment No.22,100000
5-05,26,2028-05-06,Installment No.23,100000
5-05,27,2028-06-06,Annual No.2 Inst No.24,200000
5-05,28,2028-07-06,Installment No.25,100000
5-05,29,2028-08-06,Installment No.26,100000
5-05,30,2028-09-06,Installment No.27,100000
5-05,31,2028-10-06,Installment No.28,100000
5-05,32,2028-11-06,Installment No.29,100000
5-05,33,2028-12-06,Installment No.30,100000
5-05,34,2029-01-06,Installment No.31,100000
5-05,35,2029-02-06,Installment No.32,100000
5-05,36,2029-03-06,Installment No.33,100000
5-05,37,2029-04-06,Installment No.34,100000
5-05,38,2029-05-06,Installment No.35,100000
5-05,39,2029-06-06,Annual No.3 Inst No.36,200000
5-05,40,2029-07-06,Installment No.37,100000
5-05,41,2029-08-06,Installment No.38,100000
5-05,42,2029-09-06,Final Payment,220219
5-06,1,2026-04-06,1st Booking,4056796
5-06,2,2026-05-06,2nd Booking,200000
5-06,3,2026-06-06,3rd Booking,200000
5-06,4,2026-07-06,Installment No.1,200000
5-06,5,2026-08-06,Installment No.2,200000
5-06,6,2026-09-06,Installment No.3,200000
5-06,7,2026-10-06,Installment No.4,200000
5-06,8,2026-11-06,Installment No.5,200000
5-06,9,2026-12-06,Installment No.6,200000
5-06,10,2027-01-06,Installment No.7,200000
5-06,11,2027-02-06,Installment No.8,200000
5-06,12,2027-03-06,Installment No.9,200000
5-06,13,2027-04-06,Installment No.10,200000
5-06,14,2027-05-06,Installment No.11,200000
5-06,15,2027-06-06,Annual No.1 Inst No.12,500000
5-06,16,2027-07-06,Installment No.13,200000
5-06,17,2027-08-06,Installment No.14,200000
5-06,18,2027-09-06,Installment No.15,200000
5-06,19,2027-10-06,Installment No.16,200000
5-06,20,2027-11-06,Installment No.17,200000
5-06,21,2027-12-06,Installment No.18,200000
5-06,22,2028-01-06,Installment No.19,200000
5-06,23,2028-02-06,Installment No.20,200000
5-06,24,2028-03-06,Installment No.21,200000
5-06,25,2028-04-06,Installment No.22,200000
5-06,26,2028-05-06,Installment No.23,200000
5-06,27,2028-06-06,Annual No.2 Inst No.24,500000
5-06,28,2028-07-06,Installment No.25,200000
5-06,29,2028-08-06,Installment No.26,200000
5-06,30,2028-09-06,Installment No.27,200000
5-06,31,2028-10-06,Installment No.28,200000
5-06,32,2028-11-06,Installment No.29,200000
5-06,33,2028-12-06,Installment No.30,200000
5-06,34,2029-01-06,Installment No.31,200000
5-06,35,2029-02-06,Installment No.32,200000
5-06,36,2029-03-06,Installment No.33,200000
5-06,37,2029-04-06,Installment No.34,200000
5-06,38,2029-05-06,Installment No.35,200000
5-06,39,2029-06-06,Annual No.3 Inst No.36,500000
5-06,40,2029-07-06,Installment No.37,200000
5-06,41,2029-08-06,Installment No.38,200000
5-06,42,2029-09-06,Final Payment,565859
5-14,1,2026-04-06,1st Booking,1219592
5-14,2,2026-05-06,2nd Booking,50000
5-14,3,2026-06-06,3rd Booking,50000
5-14,4,2026-07-06,Installment No.1,50000
5-14,5,2026-08-06,Installment No.2,50000
5-14,6,2026-09-06,Installment No.3,50000
5-14,7,2026-10-06,Installment No.4,50000
5-14,8,2026-11-06,Installment No.5,50000
5-14,9,2026-12-06,Installment No.6,50000
5-14,10,2027-01-06,Installment No.7,50000
5-14,11,2027-02-06,Installment No.8,50000
5-14,12,2027-03-06,Installment No.9,50000
5-14,13,2027-04-06,Installment No.10,50000
5-14,14,2027-05-06,Installment No.11,50000
5-14,15,2027-06-06,Annual No.1 Inst No.12,250000
5-14,16,2027-07-06,Installment No.13,50000
5-14,17,2027-08-06,Installment No.14,50000
5-14,18,2027-09-06,Installment No.15,50000
5-14,19,2027-10-06,Installment No.16,50000
5-14,20,2027-11-06,Installment No.17,50000
5-14,21,2027-12-06,Installment No.18,50000
5-14,22,2028-01-06,Installment No.19,50000
5-14,23,2028-02-06,Installment No.20,50000
5-14,24,2028-03-06,Installment No.21,50000
5-14,25,2028-04-06,Installment No.22,50000
5-14,26,2028-05-06,Installment No.23,50000
5-14,27,2028-06-06,Annual No.2 Inst No.24,250000
5-14,28,2028-07-06,Installment No.25,50000
5-14,29,2028-08-06,Installment No.26,50000
5-14,30,2028-09-06,Installment No.27,50000
5-14,31,2028-10-06,Installment No.28,50000
5-14,32,2028-11-06,Installment No.29,50000
5-14,33,2028-12-06,Installment No.30,50000
5-14,34,2029-01-06,Installment No.31,50000
5-14,35,2029-02-06,Installment No.32,50000
5-14,36,2029-03-06,Installment No.33,50000
5-14,37,2029-04-06,Installment No.34,50000
5-14,38,2029-05-06,Installment No.35,50000
5-14,39,2029-06-06,Annual No.3 Inst No.36,250000
5-14,40,2029-07-06,Installment No.37,50000
5-14,41,2029-08-06,Installment No.38,50000
5-14,42,2029-09-06,Final Payment,245717
8-09,1,2024-11-12,1st Booking,0
8-09,2,2024-12-12,2nd Booking,0
8-09,3,2025-01-12,3rd Booking,0
8-09,4,2025-02-12,Final Payment,5344110
8-15,1,2024-09-11,1st Booking,0
8-15,2,2024-10-11,Final Payment,7500600
10-18,1,2025-03-17,1st Booking,400000
10-18,2,2025-04-17,2nd Booking,400000
10-18,3,2025-05-17,3rd Booking,400000
10-18,4,2025-06-17,Installment No.1,70000
10-18,5,2025-07-17,Installment No.2,70000
10-18,6,2025-08-17,Installment No.3,70000
10-18,7,2025-09-17,Installment No.4,70000
10-18,8,2025-10-17,Installment No.5,70000
10-18,9,2025-11-17,Installment No.6,70000
10-18,10,2025-12-17,Installment No.7,70000
10-18,11,2026-01-17,Installment No.8,70000
10-18,12,2026-02-17,Installment No.9,70000
10-18,13,2026-03-17,Installment No.10,70000
10-18,14,2026-04-17,Installment No.11,70000
10-18,15,2026-05-17,Installment No.12,70000
10-18,16,2026-06-17,Installment No.13,70000
10-18,17,2026-07-17,Installment No.14,70000
10-18,18,2026-08-17,Installment No.15,70000
10-18,19,2026-09-17,Installment No.16,70000
10-18,20,2026-10-17,Installment No.17,70000
10-18,21,2026-11-17,Installment No.18,70000
10-18,22,2026-12-17,Installment No.19,70000
10-18,23,2027-01-17,Installment No.20,70000
10-18,24,2027-02-17,Installment No.21,70000
10-18,25,2027-03-17,Installment No.22,70000
10-18,26,2027-04-17,Installment No.23,70000
10-18,27,2027-05-17,Installment No.24,70000
10-18,28,2027-06-17,Installment No.25,70000
10-18,29,2027-07-17,Installment No.26,70000
10-18,30,2027-08-17,Installment No.27,70000
10-18,31,2027-09-17,Installment No.28,70000
10-18,32,2027-10-17,Installment No.29,70000
10-18,33,2027-11-17,Installment No.30,70000
10-18,34,2027-12-17,Installment No.31,70000
10-18,35,2028-01-17,Installment No.32,70000
10-18,36,2028-02-17,Installment No.33,70000
10-18,37,2028-03-17,Installment No.34,70000
10-18,38,2028-04-17,Installment No.35,70000
10-18,39,2028-05-17,Installment No.36,70000
10-18,40,2028-06-17,Installment No.37,70000
10-18,41,2028-07-17,Installment No.38,70000
10-18,42,2028-08-17,Final Payment,140000
11-15,1,2025-12-30,1st Booking,500000
11-15,2,2026-01-30,2nd Booking,500000
11-15,3,2026-02-28,3rd Booking,500000
11-15,4,2026-03-28,Installment No.1,30000
11-15,5,2026-04-28,Installment No.2,30000
11-15,6,2026-05-28,Installment No.3,30000
11-15,7,2026-06-28,Installment No.4,30000
11-15,8,2026-07-28,Installment No.5,30000
11-15,9,2026-08-28,Installment No.6,30000
11-15,10,2026-09-28,Installment No.7,30000
11-15,11,2026-10-28,Installment No.8,30000
11-15,12,2026-11-28,Installment No.9,30000
11-15,13,2026-12-28,Installment No.10,30000
11-15,14,2027-01-28,Installment No.11,30000
11-15,15,2027-02-28,Annual No.1 Inst No.12,165000
11-15,16,2027-03-28,Installment No.13,30000
11-15,17,2027-04-28,Installment No.14,30000
11-15,18,2027-05-28,Installment No.15,30000
11-15,19,2027-06-28,Installment No.16,30000
11-15,20,2027-07-28,Installment No.17,30000
11-15,21,2027-08-28,Installment No.18,30000
11-15,22,2027-09-28,Installment No.19,30000
11-15,23,2027-10-28,Installment No.20,30000
11-15,24,2027-11-28,Installment No.21,30000
11-15,25,2027-12-28,Installment No.22,30000
11-15,26,2028-01-28,Installment No.23,30000
11-15,27,2028-02-28,Annual No.2 Inst No.24,165000
11-15,28,2028-03-28,Installment No.25,30000
11-15,29,2028-04-28,Installment No.26,30000
11-15,30,2028-05-28,Installment No.27,30000
11-15,31,2028-06-28,Installment No.28,30000
11-15,32,2028-07-28,Installment No.29,30000
11-15,33,2028-08-28,Installment No.30,30000
11-15,34,2028-09-28,Installment No.31,30000
11-15,35,2028-10-28,Installment No.32,30000
11-15,36,2028-11-28,Installment No.33,30000
11-15,37,2028-12-28,Installment No.34,30000
11-15,38,2029-01-28,Installment No.35,30000
11-15,39,2029-02-28,Annual No.3 Inst No.36,165000
11-15,40,2029-03-28,Installment No.37,30000
11-15,41,2029-04-28,Installment No.38,30000
11-15,42,2029-05-28,Final Payment,1505000
GF-43,1,2025-11-18,1st Booking,1600000
GF-43,2,2025-12-18,2nd Booking,1600000
GF-43,3,2026-01-18,3rd Booking,1600000
GF-43,4,2026-02-18,Installment No.1,200000
GF-43,5,2026-03-18,Installment No.2,200000
GF-43,6,2026-04-18,Installment No.3,200000
GF-43,7,2026-05-18,Installment No.4,200000
GF-43,8,2026-06-18,Installment No.5,200000
GF-43,9,2026-07-18,Installment No.6,200000
GF-43,10,2026-08-18,Installment No.7,200000
GF-43,11,2026-09-18,Installment No.8,200000
GF-43,12,2026-10-18,Installment No.9,200000
GF-43,13,2026-11-18,Installment No.10,200000
GF-43,14,2026-12-18,Installment No.11,200000
GF-43,15,2027-01-18,Annual No.1 Inst No.12,820000
GF-43,16,2027-02-18,Installment No.13,200000
GF-43,17,2027-03-18,Installment No.14,200000
GF-43,18,2027-04-18,Installment No.15,200000
GF-43,19,2027-05-18,Installment No.16,200000
GF-43,20,2027-06-18,Installment No.17,200000
GF-43,21,2027-07-18,Installment No.18,200000
GF-43,22,2027-08-18,Installment No.19,200000
GF-43,23,2027-09-18,Installment No.20,200000
GF-43,24,2027-10-18,Installment No.21,200000
GF-43,25,2027-11-18,Installment No.22,200000
GF-43,26,2027-12-18,Installment No.23,200000
GF-43,27,2028-01-18,Annual No.2 Inst No.24,820000
GF-43,28,2028-02-18,Installment No.25,200000
GF-43,29,2028-03-18,Installment No.26,200000
GF-43,30,2028-04-18,Installment No.27,200000
GF-43,31,2028-05-18,Installment No.28,200000
GF-43,32,2028-06-18,Installment No.29,200000
GF-43,33,2028-07-18,Installment No.30,200000
GF-43,34,2028-08-18,Installment No.31,200000
GF-43,35,2028-09-18,Installment No.32,200000
GF-43,36,2028-10-18,Installment No.33,200000
GF-43,37,2028-11-18,Installment No.34,200000
GF-43,38,2028-12-18,Installment No.35,200000
GF-43,39,2029-01-18,Annual No.3 Inst No.36,820000
GF-43,40,2029-02-18,Installment No.37,200000
GF-43,41,2029-03-18,Installment No.38,200000
GF-43,42,2029-04-18,Final Payment,1608800
LG-21,1,2025-10-23,1st Booking,1809000
LG-21,2,2025-11-23,2nd Booking,100000
LG-21,3,2025-12-23,3rd Booking,100000
LG-21,4,2026-01-23,Installment No.1,100000
LG-21,5,2026-02-23,Installment No.2,100000
LG-21,6,2026-03-23,Installment No.3,100000
LG-21,7,2026-04-23,Installment No.4,100000
LG-21,8,2026-05-23,Installment No.5,100000
LG-21,9,2026-06-23,Installment No.6,100000
LG-21,10,2026-07-23,Installment No.7,100000
LG-21,11,2026-08-23,Installment No.8,100000
LG-21,12,2026-09-23,Installment No.9,100000
LG-21,13,2026-10-23,Installment No.10,100000
LG-21,14,2026-11-23,Installment No.11,100000
LG-21,15,2026-12-23,Annual No.1 Inst No.12,100000
LG-21,16,2027-01-23,Installment No.13,100000
LG-21,17,2027-02-23,Installment No.14,100000
LG-21,18,2027-03-23,Installment No.15,100000
LG-21,19,2027-04-23,Installment No.16,100000
LG-21,20,2027-05-23,Installment No.17,100000
LG-21,21,2027-06-23,Installment No.18,100000
LG-21,22,2027-07-23,Installment No.19,100000
LG-21,23,2027-08-23,Installment No.20,100000
LG-21,24,2027-09-23,Installment No.21,100000
LG-21,25,2027-10-23,Installment No.22,100000
LG-21,26,2027-11-23,Installment No.23,100000
LG-21,27,2027-12-23,Annual No.2 Inst No.24,100000
LG-21,28,2028-01-23,Installment No.25,100000
LG-21,29,2028-02-23,Installment No.26,100000
LG-21,30,2028-03-23,Installment No.27,100000
LG-21,31,2028-04-23,Installment No.28,100000
LG-21,32,2028-05-23,Installment No.29,100000
LG-21,33,2028-06-23,Installment No.30,100000
LG-21,34,2028-07-23,Installment No.31,100000
LG-21,35,2028-08-23,Installment No.32,100000
LG-21,36,2028-09-23,Installment No.33,100000
LG-21,37,2028-10-23,Installment No.34,100000
LG-21,38,2028-11-23,Installment No.35,100000
LG-21,39,2028-12-23,Annual No.3 Inst No.36,100000
LG-21,40,2029-01-23,Installment No.37,100000
LG-21,41,2029-02-23,Installment No.38,100000
LG-21,42,2029-03-23,Final Payment,221000
LG-24,1,2025-01-23,1st Booking,0
LG-24,2,2025-02-23,Installment No.1,60000
LG-24,3,2025-03-23,Installment No.2,60000
LG-24,4,2025-04-23,Installment No.3,60000
LG-24,5,2025-05-23,Installment No.4,60000
LG-24,6,2025-06-23,Installment No.5,60000
LG-24,7,2025-07-23,Installment No.6,60000
LG-24,8,2025-08-23,Installment No.7,60000
LG-24,9,2025-09-23,Installment No.8,60000
LG-24,10,2025-10-23,Installment No.9,60000
LG-24,11,2025-11-23,Installment No.10,60000
LG-24,12,2025-12-23,Installment No.11,60000
LG-24,13,2026-01-23,Installment No.12,60000
LG-24,14,2026-02-23,Installment No.13,60000
LG-24,15,2026-03-23,Installment No.14,60000
LG-24,16,2026-04-23,Installment No.15,60000
LG-24,17,2026-05-23,Installment No.16,60000
LG-24,18,2026-06-23,Installment No.17,60000
LG-24,19,2026-07-23,Installment No.18,60000
LG-24,20,2026-08-23,Installment No.19,60000
LG-24,21,2026-09-23,Installment No.20,60000
LG-24,22,2026-10-23,Installment No.21,60000
LG-24,23,2026-11-23,Installment No.22,60000
LG-24,24,2026-12-23,Installment No.23,60000
LG-24,25,2027-01-23,Installment No.24,60000
LG-24,26,2027-02-23,Installment No.25,60000
LG-24,27,2027-03-23,Installment No.26,60000
LG-24,28,2027-04-23,Installment No.27,60000
LG-24,29,2027-05-23,Installment No.28,60000
LG-24,30,2027-06-23,Installment No.29,60000
LG-24,31,2027-07-23,Installment No.30,60000
LG-24,32,2027-08-23,Installment No.31,60000
LG-24,33,2027-09-23,Installment No.32,60000
LG-24,34,2027-10-23,Installment No.33,60000
LG-24,35,2027-11-23,Installment No.34,60000
LG-24,36,2027-12-23,Installment No.35,60000
LG-24,37,2028-01-23,Installment No.36,60000
LG-24,38,2028-02-23,Installment No.37,60000
LG-24,39,2028-03-23,Installment No.38,60000
LG-24,40,2028-04-23,Installment No.39,60000
LG-24,41,2028-05-23,Installment No.40,60000
LG-24,42,2028-06-23,Final Payment,35250
LG-37B,1,2025-01-02,1st Booking,100000
LG-37B,2,2025-02-02,Installment No.1,100000
LG-37B,3,2025-03-02,Installment No.2,100000
LG-37B,4,2025-04-02,Installment No.3,100000
LG-37B,5,2025-05-02,Installment No.4,100000
LG-37B,6,2025-06-02,Installment No.5,100000
LG-37B,7,2025-07-02,Installment No.6,100000
LG-37B,8,2025-08-02,Installment No.7,100000
LG-37B,9,2025-09-02,Installment No.8,100000
LG-37B,10,2025-10-02,Installment No.9,100000
LG-37B,11,2025-11-02,Installment No.10,100000
LG-37B,12,2025-12-02,Installment No.11,100000
LG-37B,13,2026-01-02,Installment No.12,100000
LG-37B,14,2026-02-02,Installment No.13,100000
LG-37B,15,2026-03-02,Installment No.14,100000
LG-37B,16,2026-04-02,Installment No.15,100000
LG-37B,17,2026-05-02,Installment No.16,100000
LG-37B,18,2026-06-02,Installment No.17,100000
LG-37B,19,2026-07-02,Installment No.18,100000
LG-37B,20,2026-08-02,Installment No.19,100000
LG-37B,21,2026-09-02,Installment No.20,100000
LG-37B,22,2026-10-02,Installment No.21,100000
LG-37B,23,2026-11-02,Installment No.22,100000
LG-37B,24,2026-12-02,Installment No.23,100000
LG-37B,25,2027-01-02,Installment No.24,100000
LG-37B,26,2027-02-02,Installment No.25,100000
LG-37B,27,2027-03-02,Installment No.26,100000
LG-37B,28,2027-04-02,Installment No.27,100000
LG-37B,29,2027-05-02,Installment No.28,100000
LG-37B,30,2027-06-02,Installment No.29,100000
LG-37B,31,2027-07-02,Installment No.30,100000
LG-37B,32,2027-08-02,Installment No.31,100000
LG-37B,33,2027-09-02,Installment No.32,100000
LG-37B,34,2027-10-02,Installment No.33,100000
LG-37B,35,2027-11-02,Installment No.34,100000
LG-37B,36,2027-12-02,Installment No.35,100000
LG-37B,37,2028-01-02,Installment No.36,100000
LG-37B,38,2028-02-02,Installment No.37,100000
LG-37B,39,2028-03-02,Installment No.38,100000
LG-37B,40,2028-04-02,Installment No.39,100000
LG-37B,41,2028-05-02,Installment No.40,100000
LG-37B,42,2028-06-02,Final Payment,2540
MF-19,1,2025-09-17,1st Booking,917820
MF-19,2,2025-10-17,2nd Booking,100000
MF-19,3,2025-11-17,3rd Booking,100000
MF-19,4,2025-12-17,Installment No.1,50000
MF-19,5,2026-01-17,Installment No.2,50000
MF-19,6,2026-02-17,Installment No.3,50000
MF-19,7,2026-03-17,Installment No.4,50000
MF-19,8,2026-04-17,Installment No.5,50000
MF-19,9,2026-05-17,Installment No.6,50000
MF-19,10,2026-06-17,Installment No.7,50000
MF-19,11,2026-07-17,Installment No.8,50000
MF-19,12,2026-08-17,Installment No.9,50000
MF-19,13,2026-09-17,Installment No.10,50000
MF-19,14,2026-10-17,Installment No.11,50000
MF-19,15,2026-11-17,Annual No.1 Inst No.12,50000
MF-19,16,2026-12-17,Installment No.13,50000
MF-19,17,2027-01-17,Installment No.14,50000
MF-19,18,2027-02-17,Installment No.15,50000
MF-19,19,2027-03-17,Installment No.16,50000
MF-19,20,2027-04-17,Installment No.17,50000
MF-19,21,2027-05-17,Installment No.18,50000
MF-19,22,2027-06-17,Installment No.19,50000
MF-19,23,2027-07-17,Installment No.20,50000
MF-19,24,2027-08-17,Installment No.21,50000
MF-19,25,2027-09-17,Installment No.22,50000
MF-19,26,2027-10-17,Installment No.23,50000
MF-19,27,2027-11-17,Annual No.2 Inst No.24,50000
MF-19,28,2027-12-17,Installment No.25,50000
MF-19,29,2028-01-17,Installment No.26,50000
MF-19,30,2028-02-17,Installment No.27,50000
MF-19,31,2028-03-17,Installment No.28,50000
MF-19,32,2028-04-17,Installment No.29,50000
MF-19,33,2028-05-17,Installment No.30,50000
MF-19,34,2028-06-17,Installment No.31,50000
MF-19,35,2028-07-17,Installment No.32,50000
MF-19,36,2028-08-17,Installment No.33,50000
MF-19,37,2028-09-17,Installment No.34,50000
MF-19,38,2028-10-17,Installment No.35,50000
MF-19,39,2028-11-17,Annual No.3 Inst No.36,50000
MF-19,40,2028-12-17,Installment No.37,50000
MF-19,41,2029-01-17,Installment No.38,50000
MF-19,42,2029-02-17,Final Payment,41580
12-09,1,2026-05-22,1st Booking,520000
12-09,2,2026-06-22,2nd Booking,520000
12-09,3,2026-07-22,3rd Booking,520000
12-09,4,2026-08-22,Installment No.1,70000
12-09,5,2026-09-22,Installment No.2,70000
12-09,6,2026-10-22,Installment No.3,70000
12-09,7,2026-11-22,Installment No.4,70000
12-09,8,2026-12-22,Installment No.5,70000
12-09,9,2027-01-22,Installment No.6,70000
12-09,10,2027-02-22,Installment No.7,70000
12-09,11,2027-03-22,Installment No.8,70000
12-09,12,2027-04-22,Installment No.9,70000
12-09,13,2027-05-22,Installment No.10,70000
12-09,14,2027-06-22,Installment No.11,70000
12-09,15,2027-07-22,Annual No.1 Inst No.12,350000
12-09,16,2027-08-22,Installment No.13,70000
12-09,17,2027-09-22,Installment No.14,70000
12-09,18,2027-10-22,Installment No.15,70000
12-09,19,2027-11-22,Installment No.16,70000
12-09,20,2027-12-22,Installment No.17,70000
12-09,21,2028-01-22,Installment No.18,70000
12-09,22,2028-02-22,Installment No.19,70000
12-09,23,2028-03-22,Installment No.20,70000
12-09,24,2028-04-22,Installment No.21,70000
12-09,25,2028-05-22,Installment No.22,70000
12-09,26,2028-06-22,Installment No.23,70000
12-09,27,2028-07-22,Annual No.2 Inst No.24,350000
12-09,28,2028-08-22,Installment No.25,70000
12-09,29,2028-09-22,Installment No.26,70000
12-09,30,2028-10-22,Installment No.27,70000
12-09,31,2028-11-22,Installment No.28,70000
12-09,32,2028-12-22,Installment No.29,70000
12-09,33,2029-01-22,Installment No.30,70000
12-09,34,2029-02-22,Installment No.31,70000
12-09,35,2029-03-22,Installment No.32,70000
12-09,36,2029-04-22,Installment No.33,70000
12-09,37,2029-05-22,Installment No.34,70000
12-09,38,2029-06-22,Installment No.35,70000
12-09,39,2029-07-22,Annual No.3 Inst No.36,350000
12-09,40,2029-08-22,Installment No.37,70000
12-09,41,2029-09-22,Final Payment,264600
